{
 "1x2": {
  "point": 0.11293466714579399,
  "perc_lb": 0.08715189558751128,
  "t_lb": 0.0928696988921475,
  "K": 53,
  "se": 0.015457836980288716,
  "n": 3431,
  "model_brier": 0.5226416239488402,
  "base_brier": 0.6355762910946342,
  "verdict": "PASS"
 },
 "over2.5": {
  "point": 0.008425021377699002,
  "perc_lb": 0.004104539725992658,
  "t_lb": -0.0010656781694516702,
  "K": 53,
  "se": 0.007311533443472734,
  "n": 3431,
  "model_brier": 0.24174998049420982,
  "base_brier": 0.25017500187190883,
  "verdict": "MARGINAL"
 },
 "btts": {
  "point": 0.0020482200771142654,
  "perc_lb": -0.00012179255013305908,
  "t_lb": -0.006383079727841123,
  "K": 53,
  "se": 0.006495383210648992,
  "n": 3431,
  "model_brier": 0.24506664946425202,
  "base_brier": 0.2471148695413663,
  "verdict": "MARGINAL"
 },
 "_meta": {
  "train_n": 46032,
  "test_n": 3431,
  "test_start": "2023-06-01",
  "half_life": 500.0,
  "fit_n": 45964
 }
}